{"cameraMode":{"drawMode":0,"name":"Shaded","section":"Shading Mode"},"sceneLighting":true,"audioPlay":false,"sceneViewState":{"showFog":true,"showMaterialUpdate":true,"showSkybox":true,"showFlares":true,"showImageEffects":true,"showParticleSystems":true},"in2DMode":false,"pivot":{"x":4.715871334075928,"y":-1.6426856517791749,"z":5.35630464553833},"rotation":{"x":-0.18262651562690736,"y":0.23688480257987977,"z":-0.04538634419441223,"w":-0.9531386494636536},"size":14.523909568786621,"orthographic":false}