{"cameraMode":{"drawMode":0,"name":"Shaded","section":"Shading Mode"},"sceneLighting":true,"audioPlay":false,"sceneViewState":{"showFog":true,"showMaterialUpdate":true,"showSkybox":true,"showFlares":true,"showImageEffects":true,"showParticleSystems":true},"in2DMode":false,"pivot":{"x":2.393419027328491,"y":0.24412918090820313,"z":2.8314971923828127},"rotation":{"x":-0.031331490725278857,"y":-0.9376895427703857,"z":0.08774988353252411,"w":-0.3347485065460205},"size":6.3709940910339359,"orthographic":false}