{"cameraMode":{"drawMode":0,"name":"Shaded","section":"Shading Mode"},"sceneLighting":true,"audioPlay":false,"sceneViewState":{"showFog":true,"showMaterialUpdate":true,"showSkybox":true,"showFlares":true,"showImageEffects":true,"showParticleSystems":true},"in2DMode":false,"pivot":{"x":6.559422016143799,"y":-0.35932087898254397,"z":3.4603075981140138},"rotation":{"x":-0.14576485753059388,"y":0.590415358543396,"z":-0.10945671051740647,"w":-0.7862452864646912},"size":6.726439476013184,"orthographic":false}