{"cameraMode":{"drawMode":0,"name":"Shaded","section":"Shading Mode"},"sceneLighting":true,"audioPlay":false,"sceneViewState":{"showFog":true,"showMaterialUpdate":true,"showSkybox":true,"showFlares":true,"showImageEffects":true,"showParticleSystems":true},"in2DMode":false,"pivot":{"x":-0.07035517692565918,"y":0.023344039916992189,"z":0.16265004873275758},"rotation":{"x":-0.1504337042570114,"y":-0.6127409338951111,"z":0.12026643007993698,"w":-0.7664556503295898},"size":4.426614761352539,"orthographic":false}