{"cameraMode":{"drawMode":0,"name":"Shaded","section":"Shading Mode"},"sceneLighting":false,"audioPlay":false,"sceneViewState":{"showFog":true,"showMaterialUpdate":true,"showSkybox":false,"showFlares":true,"showImageEffects":true,"showParticleSystems":true},"in2DMode":false,"pivot":{"x":-0.03353244438767433,"y":-0.02565769851207733,"z":-0.001117423176765442},"rotation":{"x":-0.10149643570184708,"y":0.11078260838985443,"z":-0.01137208379805088,"w":-0.9885830879211426},"size":0.803646445274353,"orthographic":false}