{"cameraMode":{"drawMode":0,"name":"Shaded","section":"Shading Mode"},"sceneLighting":true,"audioPlay":false,"sceneViewState":{"showFog":true,"showMaterialUpdate":true,"showSkybox":true,"showFlares":true,"showImageEffects":true,"showParticleSystems":true},"in2DMode":false,"pivot":{"x":0.29887092113494875,"y":0.06642675399780274,"z":-0.29266858100891116},"rotation":{"x":-0.3245980441570282,"y":-0.3401915431022644,"z":0.1264263093471527,"w":-0.8734542727470398},"size":2.92661452293396,"orthographic":false}