{"cameraMode":{"drawMode":0,"name":"Shaded","section":"Shading Mode"},"sceneLighting":true,"audioPlay":false,"sceneViewState":{"showFog":true,"showMaterialUpdate":false,"showSkybox":true,"showFlares":true,"showImageEffects":true,"showParticleSystems":true},"in2DMode":false,"pivot":{"x":-0.29421329498291018,"y":-1.0398902893066407,"z":3.602809429168701},"rotation":{"x":-0.15603889524936677,"y":0.5295469760894775,"z":-0.09981723874807358,"w":-0.8278093934059143},"size":15.177459716796875,"orthographic":false}