{"cameraMode":{"drawMode":0,"name":"Shaded","section":"Shading Mode"},"sceneLighting":true,"audioPlay":false,"sceneViewState":{"showFog":true,"showMaterialUpdate":false,"showSkybox":true,"showFlares":true,"showImageEffects":true,"showParticleSystems":true},"in2DMode":false,"pivot":{"x":1.2175219058990479,"y":-0.42794060707092287,"z":1.541468620300293},"rotation":{"x":0.09713267534971237,"y":0.8612574934959412,"z":-0.17980018258094788,"w":0.46526625752449038},"size":8.60787296295166,"orthographic":false}