{"cameraMode":{"drawMode":0,"name":"Shaded","section":"Shading Mode"},"sceneLighting":true,"audioPlay":false,"sceneViewState":{"showFog":true,"showMaterialUpdate":false,"showSkybox":true,"showFlares":true,"showImageEffects":true,"showParticleSystems":true},"in2DMode":false,"pivot":{"x":0.9134412407875061,"y":-1.017552375793457,"z":4.2768754959106449},"rotation":{"x":0.4240870773792267,"y":0.03529911860823631,"z":-0.016545895487070085,"w":0.9047819972038269},"size":11.426012992858887,"orthographic":false}